{
    "ActionSound": "",
    "AutoUnlock": true,
    "Cards": [
        "{\n    \"UnitsInDeck\": 3,\n    \"Card\": \"vitalizingserenade\"\n}",
        "{\n    \"UnitsInDeck\": 3,\n    \"Card\": \"annoyingwhistle\"\n}",
        "{\n    \"UnitsInDeck\": 4,\n    \"Card\": \"shiv\"\n}",
        "{\n    \"UnitsInDeck\": 2,\n    \"Card\": \"sawtoothknife\"\n}",
        "{\n    \"UnitsInDeck\": 1,\n    \"Card\": \"poisoneddaggers\"\n}",
        "{\n    \"UnitsInDeck\": 1,\n    \"Card\": \"hiddenweapon\"\n}",
        "{\n    \"UnitsInDeck\": 1,\n    \"Card\": \"gustaviaceaselessserenade\"\n}"
    ],
    "ChallengePack0": "bard",
    "ChallengePack1": "skald",
    "ChallengePack2": "scoundrel",
    "ChallengePack3": "ninja",
    "ChallengePack4": "rogue",
    "ChallengePack5": "explorer",
    "ChallengePack6": "fencer",
    "CharacterDescription": "A singer who excels at using Songs and Small Weapons to support her allies and slaughter her foes",
    "CharacterDescriptionStrength": "A singer who excels at using Songs and Small Weapons to support her allies and slaughter her foes",
    "CharacterName": "Gustavia",
    "Energy": 1,
    "EnergyTurn": 3,
    "Female": true,
    "FluffOffsetX": 0,
    "FluffOffsetY": 3.40000009536743,
    "HeroClass": "scout",
    "HeroClassSecondary": "none",
    "HitSound": "",
    "HP": 76,
    "ID": "serenader",
    "Item": "gustaviasingingcirclet",
    "MaxHP": [
        0,
        6,
        7,
        6,
        7
    ],
    "OrderInList": 5,
    "ResistSlashing": 10,
    "ResistBlunt": 5,
    "ResistPiercing": 15,
    "ResistFire": -5,
    "ResistCold": 10,
    "ResistLightning": -5,
    "ResistHoly": 5,
    "ResistShadow": 10,
    "ResistMind": 20,
    "Speed": 15,
    "SpriteBorderLocked": "gustaviaSilueta",
    "StickerBase": "",
    "StickerAngry": "",
    "StickerIndifferent": "",
    "StickerLove": "",
    "StickerSurprise": "",
    "StickerOffsetX": 0.100000001490116,
    "SubclassName": "Serenader",
    "Trait0": "serenadertrait0",
    "Trait1A": "serenadertrait1a",
    "Trait1B": "serenadertrait1b",
    "Trait2A": "serenadertrait2a",
    "Trait2B": "serenadertrait2b",
    "Trait3A": "serenadertrait3a",
    "Trait3B": "serenadertrait3b",
    "Trait4A": "serenadertrait4a",
    "Trait4B": "serenadertrait4b",
    "CardsSingularity": [
        "gustaviaceaselessserenade",
        "vitalizingserenade",
        "annoyingwhistle",
        "shiv",
        "sawtoothknife",
        "poisoneddaggers",
        "hiddenweapon",
        "sawblade",
        "poisondart",
        "sweetmelody",
        "chantofinitiative",
        "songofcelerity",
        "odeofwar",
        "reverberantverse",
        "whisperinglies"
    ]
}